Page d&#39;origine
http://500px.com/photo/21933911
http://500px.com/photo/9593053
https://500px.com/photo/11272945/
https://500px.com/photo/11414783/
https://500px.com/photo/11454775/
https://500px.com/photo/12447241/
https://500px.com/photo/13373043/
https://500px.com/photo/13664497/
https://500px.com/photo/13783981/★-chuck-norris-on-the-beach-~-karim-saari-c-by-karim-saari
https://500px.com/photo/14328811/
https://500px.com/photo/14864659/
https://500px.com/photo/17944101/
https://500px.com/photo/21933911
https://500px.com/photo/33738105/blue-by-karimsaari
https://500px.com/photo/70113453/the-red-flower-by-karimsaari
https://500px.com/photo/8305702/
https://500px.com/photo/8305704/
https://500px.com/photo/8433501/
https://500px.com/photo/8516968/
https://500px.com/photo/8518732/★-dunes-de-beauduc-~-karim-saari-c-by-karim-saari
https://500px.com/photo/8602408/
https://500px.com/photo/8611972/
https://500px.com/photo/8627408/
https://500px.com/photo/8800638/
https://500px.com/photo/8800643/
https://500px.com/photo/8828523/
https://500px.com/photo/8838007/
https://500px.com/photo/8859077/★-marseille-sosh-freestyle-cup-world-cup-skateboarding-~-karim-saari-c-by-karim-saari
https://500px.com/photo/8859080/
https://500px.com/photo/89374783
https://500px.com/photo/9144680/
https://500px.com/photo/9144682/
https://500px.com/photo/9171781/
https://500px.com/photo/9284643/
https://500px.com/photo/9284645/
https://500px.com/photo/9593053
https://500px.com/photo/9596319/
https://500px.com/photo/9821539/
https://commons.wikimedia.org/wiki/User:Karimsaari
https://fr.mappy.com/poi/53e60b88e4b0dc2717228fe1
https://fr.pinterest.com/cassistourisme/cassis-mes-plages/
https://fr.pinterest.com/photographie_marseille/
https://fr.pinterest.com/preparetavalise/marseille-france/
https://it.pinterest.com/photographie_marseille/
https://live-fts.flickr.com/photos/tags/baradin
https://madeinmarseille.net/sport/1873-bowl-prado-marseille-skateboard-park/
https://mobile.twstalker.com/dark_massilia
https://www.flickr.com/photos/s2ari/4445660079/
https://www.flickr.com/photos/s2ari/4560633717/
https://www.flickr.com/photos/s2ari/4563217795/
https://www.flickr.com/photos/s2ari/4609275478
https://www.flickr.com/photos/s2ari/4627358829/
https://www.flickr.com/photos/s2ari/4636162230/
https://www.flickr.com/photos/s2ari/4656899830/
https://www.flickr.com/photos/s2ari/4697123743/
https://www.flickr.com/photos/s2ari/4891368081
https://www.flickr.com/photos/s2ari/4904602841
https://www.flickr.com/photos/s2ari/4910252594
https://www.flickr.com/photos/s2ari/5047813307/
https://www.flickr.com/photos/s2ari/5047814057
https://www.flickr.com/photos/s2ari/5767151993/
https://www.flickr.com/photos/s2ari/5962374454/
https://www.flickr.com/photos/s2ari/6053521866
https://www.flickr.com/photos/s2ari/6111299457/
https://www.flickr.com/photos/s2ari/6178672817/
https://www.flickr.com/photos/s2ari/6178673053/
https://www.flickr.com/photos/s2ari/6178673385/
https://www.flickr.com/photos/s2ari/6217782275/
https://www.flickr.com/photos/s2ari/6218302788/
https://www.flickr.com/photos/s2ari/6324525887
https://www.flickr.com/photos/s2ari/6325278104/
https://www.flickr.com/photos/s2ari/6607184789/
https://www.flickr.com/photos/s2ari/7184087984
https://www.flickr.com/photos/s2ari/7285077632/
https://www.flickr.com/photos/s2ari/7322143068/
https://www.flickr.com/photos/s2ari/7650788910/
https://www.flickr.com/photos/s2ari/7650790194/
https://www.flickr.com/photos/s2ari/7720810366
https://www.flickr.com/photos/s2ari/7818113774
https://www.flickr.com/photos/s2ari/8039487449/
https://www.flickr.com/photos/s2ari/8060669371/
https://www.flickr.com/photos/s2ari/8181364608/
https://www.flickr.com/photos/s2ari/8506819646/
https://www.flickr.com/photos/s2ari/8679796061/
https://www.flickr.com/photos/s2ari/9229620926/
https://www.flickr.com/services/feeds/photoset.gne?nsid=47904452@N03&set=72157624701067986&lang=en-us&format=atom
https://www.fotocommunity.com/photo/biarritz-plage-dilbarritz-karim-saari/28940359
https://www.fotocommunity.com/photo/biarritz-the-golden-surfer-karim-saari/29864685
https://www.fotocommunity.com/photo/bmx-watsa-festival-2014-marseille-karim-saari/33885292
https://www.fotocommunity.com/photo/fontaine-de-vaucluse-karim-saari/24797092
https://www.fotocommunity.com/photo/le-gabian-karim-saari/34011426
https://www.fotocommunity.com/photo/les-plages-danglet-le-phare-de-biarritz-karim-saari/26720554
https://www.fotocommunity.com/photo/marseille-la-calanque-de-morgiou-karim-saari/29033458
https://www.fotocommunity.com/photo/marseille-le-port-de-lestaque-by-night-karim-saari/28859979
https://www.fotocommunity.com/photo/marseille-le-port-de-lestaque-en-automn-karim-saari/29119244
https://www.fotocommunity.com/photo/marseille-sosh-freestyle-cup-2012-world-karim-saari/28293458
https://www.fotocommunity.com/photo/martigues-la-venise-provenale-karim-saari/25994642
https://www.fotocommunity.com/photo/panorama-de-la-calanque-de-port-pin-cas-karim-saari/27884151
https://www.fotocommunity.com/photo/panorama-de-marseille-le-port-de-lestaq-karim-saari/26070475
https://www.fotocommunity.com/photo/prendre-du-recul-pour-aller-plus-loin-karim-saari/27839379
https://www.fotocommunity.com/photo/swan-surfing-karim-saari/33376089
https://www.fotocommunity.com/photo/valensole-ete-2014-karim-saari/34211095
https://www.fotocommunity.de/photo/anglet-plage-du-vvf-karim-saari/32794637
https://www.fotocommunity.de/photo/anglets-surf-spots-karim-saari/29907792
https://www.fotocommunity.de/photo/biarritz-by-night-karim-saari/28558354
https://www.fotocommunity.de/photo/biarritz-la-grande-plage-by-night-karim-saari/28558333
https://www.fotocommunity.de/photo/biarritz-le-phare-karim-saari/32794602
https://www.fotocommunity.de/photo/biarritz-le-port-des-pcheurs-karim-saari/23562695
https://www.fotocommunity.de/photo/biarritz-plage-dilbarritz-karim-saari-karim-saari/23731278
https://www.fotocommunity.de/photo/calanque-de-callelongue-karim-saari/23731222
https://www.fotocommunity.de/photo/calanque-den-vau-karim-saari/23541578
https://www.fotocommunity.de/photo/camargue-lagunes-de-piemanson-karim-saari/29048998
https://www.fotocommunity.de/photo/camargue-plage-de-piemanson-karim-saari/23464212
https://www.fotocommunity.de/photo/camargue-plage-de-piemanson-karim-saari/23541523
https://www.fotocommunity.de/photo/cassis-la-calanque-de-port-pin-karim-saari/27727044
https://www.fotocommunity.de/photo/cassis-la-calanque-den-vau-karim-saari/27622544
https://www.fotocommunity.de/photo/cote-basque-karim-saari/23561711
https://www.fotocommunity.de/photo/coucher-de-soleil-sur-biarritz-karim-saari/23463908
https://www.fotocommunity.de/photo/ftes-de-bayonne-2012-karim-saari/28573591
https://www.fotocommunity.de/photo/happy-new-year-2k13-karim-saari/29876118
https://www.fotocommunity.de/photo/la-sainte-victoire-karim-saari/24682715
https://www.fotocommunity.de/photo/marseille-2013-karim-saari/29937628
https://www.fotocommunity.de/photo/marseille-anse-de-malmousque-karim-saari/25053351
https://www.fotocommunity.de/photo/marseille-le-dome-karim-saari/23895715
https://www.fotocommunity.de/photo/marseille-le-fort-saint-nicolas-karim-saari/26950032
https://www.fotocommunity.de/photo/marseille-port-de-lestaque-karim-saari/23562150
https://www.fotocommunity.de/photo/marseille-rue-de-la-loge-karim-saari/24933883
https://www.fotocommunity.de/photo/meilleurs-voeux-2011-best-wishes-for-20-karim-saari/23464831
https://www.fotocommunity.de/photo/planete-provence-karim-saari/25076846
https://www.fotocommunity.de/photo/port-de-la-ciotat-karim-saari/23562005
https://www.fotocommunity.de/photo/saint-jean-de-luz-au-pays-basque-karim-saari/23606414
https://www.fotocommunity.de/photo/salins-de-letang-de-berre-karim-saari/24933914
https://www.fotocommunity.de/photo/salins-de-letang-de-berre-karim-saari/24965658
https://www.fotocommunity.de/photo/session-kitesurf-alexandre-caizergues-karim-saari/25036463
https://www.fotocommunity.de/photo/storm-on-the-basque-coast-karim-saari/29900226
https://www.fotocommunity.de/photo/sunset-karim-saari/32740782
https://www.fotocommunity.de/photo/the-two-golden-surfer-karim-saari/23464241
https://www.fotocommunity.de/photo/valentines-day-karim-saari/27110796
https://www.fotocommunity.fr/photo/fontaine-de-vaucluse-karim-saari/24797092
https://www.pinterest.com/Photographie_Marseille/
https://www.threehosts.com/ratings/examples-sites/pixelpost-showcase.html
https://www.tiktok.com/@dark.massilia
https://www.wopa.fr/pixelpost
"https://www.yoys.fr/adresse/photographe/Marseille,-Provence-Alpes-Côte-D-Azur/4.html"
https://www.yoys.fr/adresse/photographe/Marseille-Cedex-11/4.html
https://x.com/dark_massilia