Page d&#39;origine,Dernière exploration
https://www.flickr.com/photos/s2ari/4656899830/,2026-03-27
http://500px.com/photo/21933911,2026-03-24
https://500px.com/photo/21933911,2026-03-24
https://fr.mappy.com/poi/53e60b88e4b0dc2717228fe1,2026-03-24
https://www.pinterest.com/Photographie_Marseille/,2026-03-21
https://it.pinterest.com/photographie_marseille/,2026-03-19
https://www.flickr.com/photos/s2ari/4910252594,2026-03-19
https://www.flickr.com/photos/s2ari/4445660079/,2026-03-17
https://www.flickr.com/photos/s2ari/4697123743/,2026-03-17
https://www.flickr.com/photos/s2ari/4627358829/,2026-03-15
https://www.fotocommunity.com/photo/biarritz-plage-dilbarritz-karim-saari/28940359,2026-03-15
https://www.flickr.com/photos/s2ari/4636162230/,2026-03-14
https://www.flickr.com/photos/s2ari/4904602841,2026-03-14
https://www.flickr.com/photos/s2ari/6324525887,2026-03-12
https://500px.com/photo/11272945/,2026-03-06
https://500px.com/photo/8828523/,2026-03-06
http://500px.com/photo/9593053,2026-03-03
https://500px.com/photo/9593053,2026-03-03
https://500px.com/photo/8305704/,2026-03-02
https://500px.com/photo/12447241/,2026-03-01
https://500px.com/photo/14864659/,2026-03-01
https://www.fotocommunity.com/photo/marseille-le-port-de-lestaque-by-night-karim-saari/28859979,2026-03-01
https://500px.com/photo/8800643/,2026-02-27
https://www.fotocommunity.de/photo/la-sainte-victoire-karim-saari/24682715,2026-02-26
https://www.tiktok.com/@dark.massilia,2026-02-24
https://500px.com/photo/8305702/,2026-02-22
https://www.fotocommunity.de/photo/saint-jean-de-luz-au-pays-basque-karim-saari/23606414,2026-02-21
https://www.fotocommunity.de/photo/calanque-den-vau-karim-saari/23541578,2026-02-20
https://www.fotocommunity.de/photo/marseille-le-fort-saint-nicolas-karim-saari/26950032,2026-02-20
https://500px.com/photo/13783981/★-chuck-norris-on-the-beach-~-karim-saari-c-by-karim-saari,2026-02-19
https://500px.com/photo/8800638/,2026-02-19
https://www.fotocommunity.de/photo/camargue-plage-de-piemanson-karim-saari/23541523,2026-02-19
https://www.fotocommunity.de/photo/marseille-anse-de-malmousque-karim-saari/25053351,2026-02-19
https://www.fotocommunity.de/photo/meilleurs-voeux-2011-best-wishes-for-20-karim-saari/23464831,2026-02-19
https://www.fotocommunity.de/photo/salins-de-letang-de-berre-karim-saari/24965658,2026-02-19
https://www.fotocommunity.de/photo/session-kitesurf-alexandre-caizergues-karim-saari/25036463,2026-02-19
https://www.fotocommunity.de/photo/the-two-golden-surfer-karim-saari/23464241,2026-02-19
https://www.fotocommunity.de/photo/valentines-day-karim-saari/27110796,2026-02-18
https://www.fotocommunity.de/photo/marseille-le-dome-karim-saari/23895715,2026-02-17
https://www.fotocommunity.de/photo/biarritz-plage-dilbarritz-karim-saari-karim-saari/23731278,2026-02-16
https://www.fotocommunity.de/photo/camargue-plage-de-piemanson-karim-saari/23464212,2026-02-16
https://www.fotocommunity.de/photo/coucher-de-soleil-sur-biarritz-karim-saari/23463908,2026-02-16
https://www.fotocommunity.de/photo/marseille-rue-de-la-loge-karim-saari/24933883,2026-02-16
https://www.fotocommunity.de/photo/salins-de-letang-de-berre-karim-saari/24933914,2026-02-16
https://www.fotocommunity.de/photo/calanque-de-callelongue-karim-saari/23731222,2026-02-15
https://www.fotocommunity.de/photo/marseille-2013-karim-saari/29937628,2026-02-15
https://www.fotocommunity.de/photo/planete-provence-karim-saari/25076846,2026-02-15
"https://www.yoys.fr/adresse/photographe/Marseille,-Provence-Alpes-Côte-D-Azur/4.html",2026-02-14
https://www.fotocommunity.de/photo/biarritz-le-phare-karim-saari/32794602,2026-02-13
https://mobile.twstalker.com/dark_massilia,2026-02-11
https://www.fotocommunity.de/photo/cassis-la-calanque-den-vau-karim-saari/27622544,2026-02-11
https://www.fotocommunity.de/photo/cote-basque-karim-saari/23561711,2026-02-11
https://www.fotocommunity.de/photo/ftes-de-bayonne-2012-karim-saari/28573591,2026-02-11
https://www.fotocommunity.com/photo/bmx-watsa-festival-2014-marseille-karim-saari/33885292,2026-02-10
https://www.fotocommunity.com/photo/marseille-la-calanque-de-morgiou-karim-saari/29033458,2026-02-10
https://www.fotocommunity.de/photo/anglets-surf-spots-karim-saari/29907792,2026-02-10
https://www.fotocommunity.de/photo/biarritz-by-night-karim-saari/28558354,2026-02-10
https://www.fotocommunity.de/photo/biarritz-la-grande-plage-by-night-karim-saari/28558333,2026-02-10
https://www.fotocommunity.de/photo/happy-new-year-2k13-karim-saari/29876118,2026-02-10
https://www.fotocommunity.de/photo/storm-on-the-basque-coast-karim-saari/29900226,2026-02-10
https://www.fotocommunity.de/photo/sunset-karim-saari/32740782,2026-02-10
https://www.fotocommunity.com/photo/le-gabian-karim-saari/34011426,2026-02-09
https://www.fotocommunity.de/photo/anglet-plage-du-vvf-karim-saari/32794637,2026-02-09
https://500px.com/photo/17944101/,2026-02-08
https://www.fotocommunity.de/photo/biarritz-le-port-des-pcheurs-karim-saari/23562695,2026-02-07
https://www.fotocommunity.de/photo/cassis-la-calanque-de-port-pin-karim-saari/27727044,2026-02-07
https://www.fotocommunity.de/photo/port-de-la-ciotat-karim-saari/23562005,2026-02-07
https://www.fotocommunity.de/photo/camargue-lagunes-de-piemanson-karim-saari/29048998,2026-02-06
https://www.fotocommunity.de/photo/marseille-port-de-lestaque-karim-saari/23562150,2026-02-06
https://live-fts.flickr.com/photos/tags/baradin,2026-02-03
https://fr.pinterest.com/cassistourisme/cassis-mes-plages/,2026-02-01
https://www.yoys.fr/adresse/photographe/Marseille-Cedex-11/4.html,2026-01-22
https://www.flickr.com/photos/s2ari/7720810366,2026-01-17
https://www.fotocommunity.com/photo/marseille-le-port-de-lestaque-en-automn-karim-saari/29119244,2026-01-12
https://www.fotocommunity.com/photo/swan-surfing-karim-saari/33376089,2026-01-12
https://www.flickr.com/photos/s2ari/6178672817/,2026-01-09
https://www.flickr.com/photos/s2ari/6178673053/,2026-01-09
https://www.flickr.com/photos/s2ari/6178673385/,2026-01-09
https://www.flickr.com/photos/s2ari/6325278104/,2026-01-09
https://www.flickr.com/photos/s2ari/7285077632/,2026-01-09
https://www.flickr.com/photos/s2ari/8181364608/,2026-01-09
https://www.flickr.com/photos/s2ari/8060669371/,2026-01-08
https://www.flickr.com/services/feeds/photoset.gne?nsid=47904452@N03&set=72157624701067986&lang=en-us&format=atom,2026-01-08
https://fr.pinterest.com/preparetavalise/marseille-france/,2026-01-05
https://www.fotocommunity.com/photo/valensole-ete-2014-karim-saari/34211095,2026-01-05
https://www.fotocommunity.com/photo/fontaine-de-vaucluse-karim-saari/24797092,2026-01-03
https://www.fotocommunity.fr/photo/fontaine-de-vaucluse-karim-saari/24797092,2026-01-03
https://www.wopa.fr/pixelpost,2026-01-03
https://www.flickr.com/photos/s2ari/5047814057,2025-12-25
https://www.flickr.com/photos/s2ari/4609275478,2025-12-20
https://500px.com/photo/9596319/,2025-12-13
https://www.fotocommunity.com/photo/panorama-de-marseille-le-port-de-lestaq-karim-saari/26070475,2025-11-26
https://500px.com/photo/8518732/★-dunes-de-beauduc-~-karim-saari-c-by-karim-saari,2025-11-20
https://500px.com/photo/89374783,2025-11-20
https://500px.com/photo/70113453/the-red-flower-by-karimsaari,2025-11-19
https://500px.com/photo/8859077/★-marseille-sosh-freestyle-cup-world-cup-skateboarding-~-karim-saari-c-by-karim-saari,2025-11-19
https://x.com/dark_massilia,2025-11-16
https://www.fotocommunity.com/photo/biarritz-the-golden-surfer-karim-saari/29864685,2025-10-30
https://www.flickr.com/photos/s2ari/4891368081,2025-10-25
https://www.fotocommunity.com/photo/panorama-de-la-calanque-de-port-pin-cas-karim-saari/27884151,2025-10-05
https://www.threehosts.com/ratings/examples-sites/pixelpost-showcase.html,2025-10-02
https://500px.com/photo/14328811/,2025-09-18
https://500px.com/photo/33738105/blue-by-karimsaari,2025-09-17
https://www.fotocommunity.com/photo/martigues-la-venise-provenale-karim-saari/25994642,2025-09-12
https://commons.wikimedia.org/wiki/User:Karimsaari,2025-09-02
https://www.fotocommunity.com/photo/marseille-sosh-freestyle-cup-2012-world-karim-saari/28293458,2025-09-02
https://www.fotocommunity.com/photo/prendre-du-recul-pour-aller-plus-loin-karim-saari/27839379,2025-08-31
https://www.flickr.com/photos/s2ari/8039487449/,2025-08-23
https://500px.com/photo/13373043/,2025-08-22
https://500px.com/photo/13664497/,2025-08-22
https://500px.com/photo/9821539/,2025-08-15
https://500px.com/photo/11414783/,2025-08-07
https://500px.com/photo/11454775/,2025-08-07
https://500px.com/photo/8433501/,2025-08-07
https://500px.com/photo/8516968/,2025-08-07
https://500px.com/photo/8602408/,2025-08-07
https://500px.com/photo/8611972/,2025-08-07
https://500px.com/photo/8627408/,2025-08-07
https://500px.com/photo/8838007/,2025-08-07
https://500px.com/photo/8859080/,2025-08-07
https://500px.com/photo/9144680/,2025-08-07
https://500px.com/photo/9144682/,2025-08-07
https://500px.com/photo/9171781/,2025-08-07
https://500px.com/photo/9284643/,2025-08-07
https://500px.com/photo/9284645/,2025-08-07
https://madeinmarseille.net/sport/1873-bowl-prado-marseille-skateboard-park/,2025-04-22
https://www.fotocommunity.com/photo/les-plages-danglet-le-phare-de-biarritz-karim-saari/26720554,2025-03-27
https://www.flickr.com/photos/s2ari/7184087984,2025-02-14
https://www.flickr.com/photos/s2ari/6053521866,2024-12-05
https://www.flickr.com/photos/s2ari/6607184789/,2024-11-17
https://www.flickr.com/photos/s2ari/5962374454/,2024-11-05
https://www.flickr.com/photos/s2ari/7650788910/,2024-11-04
https://www.flickr.com/photos/s2ari/5767151993/,2024-10-16
https://www.flickr.com/photos/s2ari/4560633717/,2024-10-03
https://www.flickr.com/photos/s2ari/8506819646/,2024-09-07
https://www.flickr.com/photos/s2ari/6111299457/,2024-09-02
https://www.flickr.com/photos/s2ari/4563217795/,2024-07-23
https://www.flickr.com/photos/s2ari/7818113774,2023-12-21
https://www.flickr.com/photos/s2ari/5047813307/,2023-12-20
https://www.flickr.com/photos/s2ari/8679796061/,2023-08-26
https://www.flickr.com/photos/s2ari/7322143068/,2023-08-18
https://www.flickr.com/photos/s2ari/7650790194/,2023-06-12
https://www.flickr.com/photos/s2ari/9229620926/,2023-06-02
https://www.flickr.com/photos/s2ari/6218302788/,2023-05-28
https://www.flickr.com/photos/s2ari/6217782275/,2023-03-31
https://fr.pinterest.com/photographie_marseille/,1970-01-01