Page cible,Liens internes
https://karimsaari.com/,26
https://karimsaari.com/donnees-scientifiques,14
https://karimsaari.com/presse,14
https://karimsaari.com/depollution-marine,13
https://karimsaari.com/photographie-paysage-mer,13
https://karimsaari.com/blog,12
https://karimsaari.com/sauver-marseille-documentaire-arte,11
https://karimsaari.com/photographie-sous-marine,10
https://karimsaari.com/blog/alerte-dans-les-calanques-linvasion-silencieuse-de-lalgue-rugulopteryx-okamurae,1
https://karimsaari.com/blog/de-cortiou-a-epluchures-beach-pourquoi-la-plage-de-lhuveaune-ferme-ses-portes-pour-un-an,1
https://karimsaari.com/blog/le-demarketing-ou-comment-le-parc-des-calanques-vous-incite-a-ne-pas-venir,1