"Date","Participant","Membres qui ont publié ou commenté","Vu","Publications","Commentaires","Réactions","","","","","","","","","","","","","","","","","",""
"2026-05-05","22","10","10541","2","11","368","","","","","","","","","","","","","","","","","",""
"2026-05-06","14","18","7256","8","16","281","","","","","","","","","","","","","","","","","",""
"2026-05-07","13","29","7369","6","39","277","","","","","","","","","","","","","","","","","",""
"2026-05-08","19","18","5823","5","24","200","","","","","","","","","","","","","","","","","",""
"2026-05-09","15","11","5689","5","9","155","","","","","","","","","","","","","","","","","",""
"2026-05-10","28","22","19836","12","26","475","","","","","","","","","","","","","","","","","",""
"2026-05-11","16","16","10883","7","20","293","","","","","","","","","","","","","","","","","",""
"2026-05-12","20","11","6393","4","12","188","","","","","","","","","","","","","","","","","",""
"2026-05-13","7","57","6824","6","62","360","","","","","","","","","","","","","","","","","",""
"2026-05-14","11","17","4677","4","22","124","","","","","","","","","","","","","","","","","",""
"2026-05-15","11","11","6819","9","9","256","","","","","","","","","","","","","","","","","",""
"2026-05-16","11","23","7284","10","42","201","","","","","","","","","","","","","","","","","",""
"2026-05-17","14","7","4897","2","6","92","","","","","","","","","","","","","","","","","",""
"2026-05-18","10","10","4301","13","10","211","","","","","","","","","","","","","","","","","",""
"2026-05-19","11","24","8630","8","29","389","","","","","","","","","","","","","","","","","",""
"2026-05-20","17","12","4802","4","12","184","","","","","","","","","","","","","","","","","",""
"2026-05-21","13","9","3220","6","7","150","","","","","","","","","","","","","","","","","",""
"2026-05-22","7","26","5714","12","37","278","","","","","","","","","","","","","","","","","",""
"2026-05-23","10","29","9750","1","29","427","","","","","","","","","","","","","","","","","",""
"2026-05-24","5","16","5434","7","14","196","","","","","","","","","","","","","","","","","",""
"2026-05-25","15","20","5972","8","35","358","","","","","","","","","","","","","","","","","",""
"2026-05-26","17","9","5192","7","11","109","","","","","","","","","","","","","","","","","",""
"2026-05-27","7","10","5093","9","10","233","","","","","","","","","","","","","","","","","",""
"2026-05-28","12","5","3854","5","6","171","","","","","","","","","","","","","","","","","",""
"2026-05-29","31","147","20739","11","164","789","","","","","","","","","","","","","","","","","",""
"2026-05-30","43","140","25723","2","147","678","","","","","","","","","","","","","","","","","",""
"2026-05-31","9","18","5143","6","19","245","","","","","","","","","","","","","","","","","",""
"2026-06-01","","","","","","","","","","","","","","","","","","","","","","","",""
"","","","","","","","","","","","","","","","","","","","","","","","",""
"","","","","","","","","","","","","","","","","","","","","","","","",""
"Nom","Valeur","","","","","","","","","","","","","","","","","","","","","","",""
"Lundi","274","","","","","","","","","","","","","","","","","","","","","","",""
"Mardi","317","","","","","","","","","","","","","","","","","","","","","","",""
"Mercredi","294","","","","","","","","","","","","","","","","","","","","","","",""
"Jeudi","214","","","","","","","","","","","","","","","","","","","","","","",""
"Vendredi","382","","","","","","","","","","","","","","","","","","","","","","",""
"Samedi","482","","","","","","","","","","","","","","","","","","","","","","",""
"Dimanche","290","","","","","","","","","","","","","","","","","","","","","","",""
"","","","","","","","","","","","","","","","","","","","","","","","",""
"","","","","","","","","","","","","","","","","","","","","","","","",""
"Horaires d’affluence","0h00","1h00","2h00","3h00","4h00","5h00","6h00","7h00","8h00","9h00","10h00","11h00","24:00","13:00","14:00","15:00","16:00","17:00","18:00","19:00","20h00","21 h","22 h","23:00"
"Lundi","2","1","1","1","1","2","1","9","13","29","31","19","17","11","12","6","6","10","12","23","19","27","16","9"
"Mardi","6","1","4","1","2","4","13","20","21","27","10","16","14","22","13","14","15","21","12","14","18","26","14","8"
"Mercredi","5","1","1","2","1","3","8","9","9","8","10","34","24","19","14","18","15","20","20","18","20","14","16","8"
"Jeudi","6","1","1","1","2","1","8","12","11","9","14","8","15","9","9","10","13","16","16","9","11","12","12","9"
"Vendredi","7","2","1","1","2","2","3","8","8","10","10","5","12","19","35","20","18","26","59","29","32","27","24","25"
"Samedi","10","5","8","2","3","4","9","22","38","31","32","31","28","30","28","20","27","21","35","34","31","15","13","8"
"Dimanche","4","3","1","1","1","1","4","20","9","13","16","11","27","22","16","19","18","18","16","20","16","14","13","9"
"","","","","","","","","","","","","","","","","","","","","","","","",""
"","","","","","","","","","","","","","","","","","","","","","","","",""
"Meilleures publications","Membre","Commentaires","Réactions","Vues","Lien","","","","","","","","","","","","","","","","","","",""
"🌊 CAP DES 65 000 AMOUREUX ATTEINT ! 🌊

​C'est une immense fierté de voir notre communauté grandir avec autant de passion.

Aujourd'hui, nous avons officiellement dépassé les 65 000 membres réunis par un seul et même amour : celui de notre littoral, de Marseille à Port-Cros.

​Ce chiffre n'est pas qu'une statistique, c'est le reflet d'un engagement collectif pour la beauté et la préservation de nos joyaux méditerranéens.

Pour marquer le coup et célébrer cette magnifique étape ensemble, je vous partage quelques clichés de la majestueuse calanque de Sormiou hier en fin d’aprés-midi ! 💙

​Un grand merci @[10229595017602355:49210:@tout le monde]  pour :

- ​Vos partages de clichés magnifiques 📸
- ​Votre bienveillance dans les échanges 🤝
- ​Votre vigilance pour la protection de ce sanctuaire bleu 🐟🐙🪼🪸

​Continuez à faire vivre ce groupe par vos pépites visuelles et votre respect de la nature. 

Ensemble, nous sommes la plus belle sentinelle de nos Calanques !

​L'aventure continue... En route vers les 70 000 ? 🚀

​#Marseille #Calanques #PortCros #Méditerranée #PassionNature #65K","Ka Rim","42","217","2497","https://www.facebook.com/groups/calanque/posts/4206916409562755/","","","","","","","","","","","","","","","","","","",""
"ma calanque préférée 
En Vau","Hachem Touleimat","12","366","17317","https://www.facebook.com/groups/calanque/posts/4203489363238793/","","","","","","","","","","","","","","","","","","",""
"⚠️ Le temps passe, la pollution reste ⏳

​Depuis le 19 mars, cette Fiat 500 accidentée gît au fond de l'eau aux Goudes, à Marseille. Plus de deux mois d'inaction totale pendant que l'assurance reste sourde.

​Sous la surface, le constat est amer : les plastiques s'effritent, les câbles se dégradent, et la faune marine est forcée de s'adaptée à nos déchets. On voit déjà les poissons s'approprier les sièges...

​Deux mois pour sortir une voiture de l'eau, c'est deux mois de trop pour notre Méditerranée 🪼🐙🐟

@[10229595017602355:49210:@tout le monde] 
​#Marseille #LesGoudes #Calanques #PollutionMarine #Inaction","Ka Rim","36","223","7281","https://www.facebook.com/groups/calanque/posts/4216645958589800/","","","","","","","","","","","","","","","","","","",""
"la beauté de la calanque d’En Vau","Hachem Touleimat","7","326","8152","https://www.facebook.com/groups/calanque/posts/4198460370408359/","","","","","","","","","","","","","","","","","","",""
"Le belvédère d'En Vau 🥾🦋🏖️ 😍","Elsa GP","16","185","9467","https://www.facebook.com/groups/calanque/posts/4205330529721343/","","","","","","","","","","","","","","","","","","",""
"la #terrassedemidi à 13h30 hier pour un pic nic avec une p'tite vue assez sympa 🤗🤩","Jean-Phi Di Marsiglia","25","130","3515","https://www.facebook.com/groups/calanque/posts/4218624855058577/","","","","","","","","","","","","","","","","","","",""
"Comment accéder à la calanque de Port pin à pied en venant du centre de Cassis la semaine prochaine (bus, navette )? Merci","Poupoune Pou","31","65","7937","https://www.facebook.com/groups/calanque/posts/4207306316190431/","","","","","","","","","","","","","","","","","","",""
"l’une de nos calanques magnifique 
Sormiou
☀️🏔️🌳🌊
Bonne journée","Hachem Touleimat","3","204","5881","https://www.facebook.com/groups/calanque/posts/4216757218578674/","","","","","","","","","","","","","","","","","","",""
"Rando Gineste -> col de la Candelle et retour par le balcon du Président et le sentier du Centaure 🥾🪻🤩","Elsa GP","10","165","4082","https://www.facebook.com/groups/calanque/posts/4213281522259577/","","","","","","","","","","","","","","","","","","",""
"Aujourd’hui ma première balade à la Calanque de Sugiton. C’etait magnifique! (J’en ai oublié mon sweat noir avec zip et capuche si quelqu’un peut le rapporter en ville 😅).","Christelle Dumontet","10","165","9382","https://www.facebook.com/groups/calanque/posts/4216184141969315/","","","","","","","","","","","","","","","","","","",""
"Petite rando du jour par le col des Baumettes jusqu’à Sormiou 🌿☀️
On a beau connaître les calanques, il y a toujours ce moment où la vue apparaît et où on se dit : waouh 💙","Jenny Garet","22","99","3235","https://www.facebook.com/groups/calanque/posts/4216070561980673/","","","","","","","","","","","","","","","","","","",""
"Bonjour à tous,
J'aimerais vos conseils 

J'aimerais  faire une randonnée des calanques d en Vau la plus facile avez des recommandations et sentiers a me conseiller 

J ai regarde et trouver cet itinéraire mais peut-être avez vous d' autres recommandations 

Je vous remercie 

Belle journée","Mary Ruiz","28","33","3402","https://www.facebook.com/groups/calanque/posts/4210258519228544/","","","","","","","","","","","","","","","","","","",""
"Bonjour,
En vacances sur Marseille, je voudrais faire la boucle sugiton- morgiou depuis Luminy. Je vois des commentaires (sur Visorando) disant qu'il y a des passages dangereux entre les 2 calanques. Qu'est ce qu'il en est réellement ? Est-ce qu'un sens sugiton-morgiou ou le contraire est à privilégier ?

Merci pour vos conseils","Isabelle Dufau","29","27","3173","https://www.facebook.com/groups/calanque/posts/4201249273462802/","","","","","","","","","","","","","","","","","","",""
"J’aimerais bien qu’ils viennent m’aborder….","Bruno Saurez","18","55","7674","https://www.facebook.com/groups/calanque/posts/4212838662303863/","","","","","","","","","","","","","","","","","","",""
"","Philippe Belletoise","3","119","6504","https://www.facebook.com/groups/calanque/posts/4212292985691764/","","","","","","","","","","","","","","","","","","",""
"Sur le doigt de dieu !","Julien Carraccino","3","118","3450","https://www.facebook.com/groups/calanque/posts/4202511893336540/","","","","","","","","","","","","","","","","","","",""
"la beauté de la calanque de Sugiton
Bonne journée à vous","Hachem Touleimat","2","112","3471","https://www.facebook.com/groups/calanque/posts/4221869661400763/","","","","","","","","","","","","","","","","","","",""
"Bonjour tout le monde ! Je veux simplement me présenter et partager une photo que j’ai prise lors d une rando de Marseille à cassis l’année dernière 
Je suis preneuse pour partager des randos dans ce magnifique parc avec d’autres personnes du groupe 😊","Céline Mula","9","66","1801","https://www.facebook.com/groups/calanque/posts/4198351507085912/","","","","","","","","","","","","","","","","","","",""
"Entre Sormiou et Morgiou .","Atman Namta","2","100","10280","https://www.facebook.com/groups/calanque/posts/4197543293833400/","","","","","","","","","","","","","","","","","","",""
"Bonjour, 
Pouvez vous me dire où il faut se garer ( l'adresses)pour faire la rando et descendre jusque Sormiou svp. Merci.","Dora Hawaux","16","29","2328","https://www.facebook.com/groups/calanque/posts/4200630780191318/","","","","","","","","","","","","","","","","","","",""
"Calanque de Figuerolles...","Liza Casper","2","99","4275","https://www.facebook.com/groups/calanque/posts/4197783733809356/","","","","","","","","","","","","","","","","","","",""
"⚠️ Accès calanques 👇👇👇

https://www.laprovence.com/article/societe/3544138644210814/sormiou-morgiou-et-callelongue-les-voitures-et-motos-interdites-d-acces-aux-calanques-des-ce-week-end-de-l-ascension","Ka Rim","6","76","9151","https://www.facebook.com/groups/calanque/posts/4209177772669952/","","","","","","","","","","","","","","","","","","",""
"Bonjour  à  toutes et tous..voici la grotte  semi immergée  de grand mejean..prenez  soin de vous","Rini Septiani","0","99","8899","https://www.facebook.com/groups/calanque/posts/4199351500319246/","","","","","","","","","","","","","","","","","","",""
"Le Samedi 25/4","Bob Spear","4","78","1634","https://www.facebook.com/groups/calanque/posts/4198437383743991/","","","","","","","","","","","","","","","","","","",""
"📢 **NETTOYONS LE SUD : Grand coup de propre ce samedi à la Pointe Rouge !** ☀️🌊

Ce **samedi 30 mai**, c'est la grande mobilisation régionale **""Nettoyons le Sud""** !

Cette année, nous serons avec le collectif d'associations réuni par les copains de **Mer veille** (avec l'YCPR, @[100050813381866:2048:Association Boud'mer], @[100063569305209:2048:Team Oxygen] et les @[100009766959053:2048:Ava Vallon des Auffes]) pour une grosse opération de dépollution dans le port de la **Pointe Rouge**.

🤝 ON A BESOIN DE BRAS À TERRE ! 👋

Pendant que les plongeurs et apnéistes s'occuperont de vider les fonds du port (jusqu'à 6m), **le succès de la journée repose sur l'équipe à terre !**

Nous avons un besoin crucial de bénévoles pour :
* Réceptionner les déchets sortis de l'eau 🧺
* Assurer le tri et la caractérisation 📊
* Aider à l'évacuation 🚛

Pas besoin de mouiller le maillot pour être utile, votre aide à terre est indispensable !

📍 INFOS PRATIQUES :
* **Quand ?** Ce samedi 30 mai à **14h00**
* **Où ?** Au Yachting Club Pointe Rouge (YCPR) – **Panne n°8**
* *Déroulé : Briefing à 14h30 – Fin d'après-midi.*

@tout le monde

Mobilisons-nous en nombre pour préserver notre littoral marseillais. On compte sur vous ! 💙

#NettoyonsLeSud #TeamOxygen #MerVeille #Marseille #PointeRouge #LesAmoureuxDesCalanques","Ka Rim","6","67","2210","https://www.facebook.com/groups/calanque/posts/4222707164650346/","","","","","","","","","","","","","","","","","","",""
"Vue magique sur la calanque de Sormiou 
Bonne journée à vous 
☀️🌊🌳🏔️","Hachem Touleimat","2","83","1782","https://www.facebook.com/groups/calanque/posts/4216314941956235/","","","","","","","","","","","","","","","","","","",""
"# ***Allez rêvez c'est pour vous !***
# ***Petit cadeau pour le groupe !***
# ***Mes photos d'archives ! les Calanques de Marseille !***
# ***bonne vision !***
# ***Amitiés A++ ROBERT le C@l@nqu@is DE MARSEILLE !  😀***","Robert Nastro","7","57","1320","https://www.facebook.com/groups/calanque/posts/4214127142175015/","","","","","","","","","","","","","","","","","","",""
"sentier panoramique 
Direction calanque d’En Vau","Hachem Touleimat","1","85","2745","https://www.facebook.com/groups/calanque/posts/4202397723347957/","","","","","","","","","","","","","","","","","","",""
"","Sylvie Desire","0","89","2704","https://www.facebook.com/groups/calanque/posts/4218787381708991/","","","","","","","","","","","","","","","","","","",""
"Hier, j'ai eu la chance d'organiser une randonnée inoubliable vers Sormiou, avec une équipe exceptionnelle. 13,5 kilomètres, un dénivelé de 550 mètres, et chaque montée, chaque descente, étaient un pur bonheur. Merci à toute cette team qui a été présente pour cet événement, avec des fous rires, des moments de solidarité, et des vues incroyables sur la mer. Ce parcours, c'est bien plus qu'une sortie, c'est une aventure qu'on aura envie de revivre, encore et encore, avec cette superbe team, toujours prête à relever de nouveaux défis . ☺️","Laurent Ayoun Cohen","1","83","4913","https://www.facebook.com/groups/calanque/posts/4198705323717197/","","","","","","","","","","","","","","","","","","",""
"Bonjour est ce quelqu'un connaîtrait un plan des calanques avec les sentiers dessinés de couleur différente (comme par exemple les pistes de ski)

Merci","Vincent Baradel","13","20","1770","https://www.facebook.com/groups/calanque/posts/4201923873395342/","","","","","","","","","","","","","","","","","","",""
"","Philippe Belletoise","3","70","1623","https://www.facebook.com/groups/calanque/posts/4212292799025116/","","","","","","","","","","","","","","","","","","",""
"Malade
Petite sortie matinale belle journée à tous!","Adrien VieNature","6","54","2464","https://www.facebook.com/groups/calanque/posts/4224577361129993/","","","","","","","","","","","","","","","","","","",""
"Le belvédère d’En-Vau peut être un objectif de randos plus ou moins longues et plus ou moins difficiles en fonction du point de départ choisi mais c’est toujours un enchantement de venir se poser sur ces rochers qui dominent l’une des plus belles calanques de Marseille 💙.","Les Randos de Loulou","3","67","3407","https://www.facebook.com/groups/calanque/posts/4212204869033909/","","","","","","","","","","","","","","","","","","",""
"Ce matin, Riou avait revêtu sa parure d’or 😍.
Un moment magique où les premiers rayons de soleil illuminent le calcaire immaculé des falaises de l'île.
Il faut se lever un peu tôt pour profiter du spectacle mais ça vaut le coup 😉.","Les Randos de Loulou","6","49","1887","https://www.facebook.com/groups/calanque/posts/4218828891704840/","","","","","","","","","","","","","","","","","","",""
"La grotte de l'ours et le Pas de la Demi-Lune depuis Callelongue 👌","Elsa GP","3","61","2723","https://www.facebook.com/groups/calanque/posts/4209894369264959/","","","","","","","","","","","","","","","","","","",""
"","Rose Lafuente","3","51","1430","https://www.facebook.com/groups/calanque/posts/4219871511600578/","","","","","","","","","","","","","","","","","","",""
"🪺 Bonne fête à toutes les mamans du Groupe des Amoureux des Calanques ! 💙

​En ce jour si particulier, un clin d'œil à toutes les mères, y compris celles de notre faune locale qui veillent sur leurs petits au cœur de nos falaises et de nos îles. 

À l'image de nos gabians attentifs sur l'archipel du Frioul, la nature nous offre les plus beaux exemples de protection et de transmission. 🌊✨

​Une pensée chaleureuse à toutes les mamans passionnées par notre littoral. Passez une magnifique journée ! ☀️🌿

​#fetedesmeres #calanques #marseille #frioul #nature #wildlife @[10229595017602355:49210:@tout le monde]","Ka Rim","6","34","1039","https://www.facebook.com/groups/calanque/posts/4225115367742859/","","","","","","","","","","","","","","","","","","",""
"Randonnée dans nos merveilleuses Calanques ce vendredi. Comme à chaque sortie, on en prend plein les yeux 🤩, un pur bonheur à savourer sans modération 😉.","Les Randos de Loulou","7","27","1877","https://www.facebook.com/groups/calanque/posts/4204231163164613/","","","","","","","","","","","","","","","","","","",""
"Dormir tranquille en solitaire dans les calanques !! 🤣🤣🤣","Les Randos de Loulou","4","39","2598","https://www.facebook.com/groups/calanque/posts/4218556711732058/","","","","","","","","","","","","","","","","","","",""
"Bonjour.
Cassis , le bout de la presqu'île et l'entrée de Port Miou.

(Un petit clic pour voir la photo entièrement 😉)","Tarek Askri","0","59","8956","https://www.facebook.com/groups/calanque/posts/4196312213956508/","","","","","","","","","","","","","","","","","","",""
"Petite rando demain matin secteur Marseille Luminy pour un beau paysage mer ?
Qui me suit ?","Jee Herr","6","28","4645","https://www.facebook.com/groups/calanque/posts/4203265743261155/","","","","","","","","","","","","","","","","","","",""
"Bonjour a tout le monde
Petite question pourtant simple mais je n'arrive pas a trouver un site internet clair sur la rando et l'itineraire.

je souhaites aller a la calanque de sormiou ( a la plage tout simplement ) en passant par les baumettes ( arret de bus 22 )

tout les sites donnent environ 1h pour la mini rando, mais tres peu clair au niveau de la difficulté, et du trajet qui a l'air plutot tres visible par endroit et moins par d'autres.

Qu'en pensez vous ? avez vous un lien avec un itineraire precis ? 

Apparement il est possible de rejoindre la route en bitume qui dessens de sormiou ?

merci d'avance","Bruno Nonau","9","10","1124","https://www.facebook.com/groups/calanque/posts/4215996898654706/","","","","","","","","","","","","","","","","","","",""
"Petit tour dans le jardin ce matin ☀️","Adrien VieNature","0","53","2199","https://www.facebook.com/groups/calanque/posts/4201009873486742/","","","","","","","","","","","","","","","","","","",""
"La Lèque.","Atman Namta","0","49","2803","https://www.facebook.com/groups/calanque/posts/4210191842568545/","","","","","","","","","","","","","","","","","","",""
"La nouvelle Calanque de Samena après le travaux mais il vas mettre des végétaux en automne. Qu’est-ce que vous pensez?","Bob Spear","1","44","5269","https://www.facebook.com/groups/calanque/posts/4194638387457224/","","","","","","","","","","","","","","","","","","",""
"🌄🏃‍♂️ TRAIL ÉPIQUE DANS LES CALANQUES DE MARSEILLE🏃‍♂️🌊 (video & photo)
Réveil à 6h00 ce matin… direction le parc Pastré pour un départ à 6h42 🔥

Une météo parfaite : quelques nuages ☁️, un léger vent 🌬️ et surtout ce silence magique des Calanques au lever du jour.

Objectif du jour : une grosse boucle trail au cœur des Calanques de Marseille 💪⛰️

Le parcours commence tranquillement en passant devant la magnifique grotte Roland 🪨 avant d’attaquer les premières montées vers le Pas de la Selle culminant à 282 mètres d’altitude.

Et là… les jambes commencent déjà à chauffer 🔥😅

Mais une fois en haut… quelle récompense 🤩

Vue incroyable sur l’Escale Borély 🌴, la Méditerranée 🌊 et l’île Jarre au loin.

Franchement, courir dans un décor pareil… c’est du pur bonheur ❤️

Ensuite, énorme descente par le vallon nord et le sentier de Malvallon 🏞️

Un terrain magnifique, technique mais idéal pour profiter pleinement du trail en sécurité.

Passage devant la basse grotte du Plan des Cailles avant de rejoindre cette vallée incroyable entre montagne et mer 😍

Chaque foulée donne une sensation de liberté totale 🙌

Arrivée ensuite au carrefour près de “Chez le Belge”, à la calanque de Marseilleveyre, avant de prendre à gauche sur le célèbre sentier des douaniers 🥾 avec un enchaînement de paysages exceptionnels :

📍 Calanque des Queyrons

📍 Calanque Podestat

📍 Calanque de la Piade

📍 L’Anse du Livre

📍 Calanque du Grand Livre

📍 Calanque de l’Escu

Ensuite montée vers le col de Cortiou puis direction l’arête jusqu’au Signal Est de l’Homme Mort 🦅

Un panorama juste monumental 🤯🔥

Petite portion d’escalade 🧗‍♂️ sans trop de difficulté avant d’arriver sur les plateaux de l’Homme Mort.

Attention tout de même à la descente ⚠️ : terrain caillouteux et glissant, il faut rester concentré sur ses appuis.

Passage devant la magnifique fontaine de Voire 💧

Le lieu est splendide, mais l’eau n’est pas potable 🚫

Retour ensuite par le vallon de la Jarre via le sentier du Club Alpin avant de boucler cette aventure au parc Pastré 🔄

📊 PERFORMANCE DU JOUR 📊

🏃‍♂️ Distance : 15,96 km

⏱️ Temps total : 4h02m59

⛰️ Dénivelé positif : 987 m

📉 Dénivelé négatif : 1016 m

🔥 Calories brûlées : 2651 kcal

⚡ Vitesse moyenne : 3,9 km/h

🚀 Vitesse max : 9,8 km/h

💧 Déshydratation estimée : 3549 ml

Une sortie intense, exigeante, mais tellement magnifique 🙏🔥

Le trail, ce n’est pas seulement courir.

C’est découvrir, respirer, repousser ses limites et se sentir vivant 💯

Peu importe votre niveau, avancez toujours à votre rythme.

Chaque pas vous rapproche d’une meilleure version de vous-même 💪❤️

#TrailRunning #Calanques #Marseille #RunningMotivation #OutdoorLife","Jeff Ruissaut","3","32","2528","https://www.facebook.com/groups/calanque/posts/4208456586075404/","","","","","","","","","","","","","","","","","","",""
"Merci pour l'acceptation, Aurélie je vis à Marseille 9ème, amoureuse de la nature et surtout de nos calanques qui est devenu depuis plus de 20 ans mon air de jeux, de détente. Je serais ravie de partager des balades avec vous et pourquoi pas en découvrire de nouvelles. Bon dimanche.","Aurélie Sabre","4","26","4235","https://www.facebook.com/groups/calanque/posts/4196288787292184/","","","","","","","","","","","","","","","","","","",""
"# ***Allez rêvez c'est pour vous !***
# ***Petit cadeau pour le groupe !***
# ***Mes photos d'archives ! les Calanques de Marseille !***
# ***bonne vision !***
# ***Cordialement ! Robert Nastro dit Robert le C@l@nqu@is !***","Robert Nastro","2","36","1026","https://www.facebook.com/groups/calanque/posts/4203839813203748/","","","","","","","","","","","","","","","","","","",""
"Hello le groupe ! 👋🏽
Belvédère et calanque de Sugiton, calanque de Morgiou et passage devant la Anse de la Triperie.

🌞🤩🥵💛🌡️🌊💙🐗😅✌🏽","Marine Boudier","4","25","838","https://www.facebook.com/groups/calanque/posts/4224171157837280/","","","","","","","","","","","","","","","","","","",""
"","Atman Namta","5","19","251","https://www.facebook.com/groups/calanque/posts/4197543283833401/","","","","","","","","","","","","","","","","","","",""
"Bonjour 👋
J’aimerais venir cet été dans les calanques vers Marseille pour faire du paddle pour la première fois 😊

Je cherche un camping sympa, pas trop loin des calanques et pratique pour accéder facilement aux spots de paddle.

Si vous avez des campings, adresses, coins sympas ou même des conseils à me recommander, je suis preneur 🙌

Merci d’avance !","Wael Al","7","7","2319","https://www.facebook.com/groups/calanque/posts/4204254156495647/","","","","","","","","","","","","","","","","","","",""
"","Philippe Belletoise","1","37","1205","https://www.facebook.com/groups/calanque/posts/4212294035691659/","","","","","","","","","","","","","","","","","","",""
"Derniers rayons sur la #Calanque de Sormiou 🌞","Ka Rim","1","37","1005","https://www.facebook.com/groups/calanque/posts/4218648041722925/","","","","","","","","","","","","","","","","","","",""
"Nous avons la chance de vivre à proximité de paysages exceptionnels. À nous d’en prendre soin pour que chacun puisse continuer à en profiter dans le respect de ce site unique.

Encore une belle journée aujourd’hui dans les Calanques🩵☀️","Jenny Garet","0","40","2559","https://www.facebook.com/groups/calanque/posts/4224979954423067/","","","","","","","","","","","","","","","","","","",""
"🟢 C’est ce matin !

​Premier grand nettoyage du Vallon ! Un immense plaisir de voir autant de forces réunies pour préserver ce joyau marseillais 🫶

​Aux côtés de @[100009766959053:2048:Ava Vallon des Auffes] , @[100050813381866:2048:Association Boud'mer] , @[100070130822703:2048:1 Déchet Par Jour / 1 Piece of Rubbish] , @[100064382844063:2048:Mer Veille] , @[100063821353170:2048:Recyclop - un oeil sur la planète], @[100063569305209:2048:Team Oxygen] et de nombreux bénévoles, nous passons à l’action. Sous l'eau ou sur les quais, chaque geste compte. 🤿🌏♻️

@[10229595017602355:49210:@tout le monde] 
​#Marseille #Environnement #VallonDesAuffes #Depollution #Engagement","Ka Rim","1","35","3720","https://www.facebook.com/groups/calanque/posts/4197120803875649/","","","","","","","","","","","","","","","","","","",""
"","Michele Gaugler","1","35","1628","https://www.facebook.com/groups/calanque/posts/4205806483007081/","","","","","","","","","","","","","","","","","","",""
"🟢 Incroyable !
#Calanque de Niolon 🐢💚","Ka Rim","0","40","1264","https://www.facebook.com/groups/calanque/posts/4218967041691025/","","","","","","","","","","","","","","","","","","",""
"Promenade à la calanque de sormiou","Valentin Courty","1","34","2001","https://www.facebook.com/groups/calanque/posts/4200366450217751/","","","","","","","","","","","","","","","","","","",""
"Une jolie boucle au départ du parc des bruyères ! Une partie du @[100064406302589:2048:Parc national des Calanques] que je découvre avec une vue imprenable sur la ville ✨️","Ka Rim","2","27","1126","https://www.facebook.com/groups/calanque/posts/4221108521476877/","","","","","","","","","","","","","","","","","","",""
"Vers 1900, le pas de l'Oeil de verre.","Les naturistes phocéens","1","32","5964","https://www.facebook.com/groups/calanque/posts/4196357407285322/","","","","","","","","","","","","","","","","","","",""
"Elle était Magnifique notre #calanque de Morgiou en 1920 🤩

Merci @[100064681360069:2048:Les Calancoeurs] pour cette pépite ✨️","Ka Rim","1","31","1059","https://www.facebook.com/groups/calanque/posts/4214030578851338/","","","","","","","","","","","","","","","","","","",""
"Nos belles #calanques de l’espace 🪐🗼","Ka Rim","0","35","1245","https://www.facebook.com/groups/calanque/posts/4212761875644875/","","","","","","","","","","","","","","","","","","",""
"CALANQUE Des FIGUIÈRES  Au Cœur De La CÔTE BLEUE ➡️ grand écran. Matin du 28 Mai","Robert Donati","0","34","1143","https://www.facebook.com/groups/calanque/posts/4221798128074583/","","","","","","","","","","","","","","","","","","",""
"# ***Allez rêvez c'est pour vous !***
# ***Petit cadeau pour le groupe !***
# ***Le cap Morgiou ! les Calanques de Marseille !***
# ***bonne vision !***
# ***Amitiés A++ ROBERT le C@l@nqu@is DE MARSEILLE !  😀***","Robert Nastro","3","18","993","https://www.facebook.com/groups/calanque/posts/4222658234655239/","","","","","","","","","","","","","","","","","","",""
"","Dini Novita Sari","0","30","1552","https://www.facebook.com/groups/calanque/posts/4218653715055691/","","","","","","","","","","","","","","","","","","",""
"Côte bleue… espace naturel et de découverte… un littoral varié entre anses et calanques…","Christophe Santé Provence","0","30","6773","https://www.facebook.com/groups/calanque/posts/4204996159754780/","","","","","","","","","","","","","","","","","","",""
"Sunset ventu …","Adrien VieNature","0","29","998","https://www.facebook.com/groups/calanque/posts/4209381875982875/","","","","","","","","","","","","","","","","","","",""
"☀️⛴️🐟🙌🏻","Stf Estoupan","0","28","657","https://www.facebook.com/groups/calanque/posts/4218340041753725/","","","","","","","","","","","","","","","","","","",""
"","Philippe Dufau","3","13","1148","https://www.facebook.com/groups/calanque/posts/4213056862282043/","","","","","","","","","","","","","","","","","","",""
"# ***Pour le groupe !***
# ***Les Calanques un jardin de fleurs !***
# ***a++ Robert le C@l@nqu@is !***","Robert Nastro","0","27","834","https://www.facebook.com/groups/calanque/posts/4207923772795352/","","","","","","","","","","","","","","","","","","",""
"","Michele Gaugler","2","17","1093","https://www.facebook.com/groups/calanque/posts/4206775576243505/","","","","","","","","","","","","","","","","","","",""
"CÔTE BLEUE: visiter les grottes littorales … toujours intrigantes avec des histoires singulières… une belle idée de balades curieuses sur la côte bleue …","Albert Snop","0","27","2373","https://www.facebook.com/groups/calanque/posts/4219728384948224/","","","","","","","","","","","","","","","","","","",""
"🚨 TRAILER OFFICIEL : OXYGÈNE 🚨
​
Une mer à protéger. Une équipe déterminée. Des actions concrètes.

Voici les premières images d'Oxygène, le film qui retrace notre engagement pour la dépollution et la sauvegarde de la Méditerranée 🤿🌍

​Un immense merci à toutes les sentinelles, aux bénévoles, et aux partenaires qui rendent cette mission possible au quotidien.

Je vous invite à découvrir ce teaser et à le partager au sein de vos réseaux. Ensemble, continuons d'agir pour un avenir durable 🫶

 @[10229595017602355:49210:@tout le monde] 
#OxygeneLeFilm #Marseille #Mediterranee #ProtectionOceane #Environnement #Plongee #Ecologie

https://www.instagram.com/reel/DYd638lxHyE/?igsh=OHN1bjI5N2VkeXE0","Ka Rim","3","11","564","https://www.facebook.com/groups/calanque/posts/4212147665706296/","","","","","","","","","","","","","","","","","","",""
"Petit paysage matinal, juste pour vous donner envie de parcourir les sentiers des Calanques aujourd'hui. Il n’est pas encore 7h00, le petit air au sommet du Puget est agréable tout autant que la vue ... 
Bonne journée 😉","Les Randos de Loulou","2","16","702","https://www.facebook.com/groups/calanque/posts/4224482437806152/","","","","","","","","","","","","","","","","","","",""
"","Ka Rim","1","20","55","https://www.facebook.com/groups/calanque/posts/4206916402896089/","","","","","","","","","","","","","","","","","","",""
"Nos calanques sont magnifiques 
Calanque de Sormiou 
Bonne journée à vous","Hachem Touleimat","4","4","13944","https://www.facebook.com/groups/calanque/posts/4158359867751743/","","","","","","","","","","","","","","","","","","",""
"","Patrice Estachy","3","9","301","https://www.facebook.com/groups/calanque/posts/4222615344659528/","","","","","","","","","","","","","","","","","","",""
"Encore une belle boucle dans nos belles Calanques...","Philippe Dufau","2","14","506","https://www.facebook.com/groups/calanque/posts/4216087058645690/","","","","","","","","","","","","","","","","","","",""
"LE ROCHER DU MOULON sur les sentiers de 
LA CÔTE BLEUE ➡️Grand écran. Au pied du Rocher surnommé ""en forme de Crapaud""
par les Anciens...Entre Niolon et Cap Méjean
Commune du ROVE","Robert Donati","0","23","907","https://www.facebook.com/groups/calanque/posts/4215076378746758/","","","","","","","","","","","","","","","","","","",""
"Bonjour, je viens de rejoindre joindre ce groupe car j aimerais en savoir plus sur les calanques, ou y en a t il et comment faire pour aller les admirer, sachant que je voyage en train et en bus en","Francois Katia","4","3","1290","https://www.facebook.com/groups/calanque/posts/4198597113728018/","","","","","","","","","","","","","","","","","","",""
"# ***Allez rêvez c'est pour vous !***
# ***Petit cadeau pour le groupe !***
# ***Mes photos d'archives ! les Calanques de Marseille !***
# ***bonne vision !***
# ***Amitiés A++ ROBERT le C@l@nqu@is DE MARSEILLE !  😀***","Robert Nastro","0","23","557","https://www.facebook.com/groups/calanque/posts/4218584771729252/","","","","","","","","","","","","","","","","","","",""
"","Yvon Tapias","2","12","603","https://www.facebook.com/groups/calanque/posts/4205033519751044/","","","","","","","","","","","","","","","","","","",""
"","Ka Rim","1","17","58","https://www.facebook.com/groups/calanque/posts/4206916406229422/","","","","","","","","","","","","","","","","","","",""
"Un beau bilan 🌏🙏♻️🫶","Ka Rim","1","16","636","https://www.facebook.com/groups/calanque/posts/4198739863713743/","","","","","","","","","","","","","","","","","","",""
"Hier rando en bord de mer et sentiers de crête ... impossible de s'en lasser !!
Une boucle de 13 km et +750m de dénivelé avec un vent d’Est pas désagréable pour calmer les ardeurs du soleil 😉
Bon dimanche à toutes et tous 👋","Les Randos de Loulou","0","21","2414","https://www.facebook.com/groups/calanque/posts/4197260467195016/","","","","","","","","","","","","","","","","","","",""
"Visite des calanques par bateau aujourd’hui.
Juste magnifique, incroyable","Celine Latessa","0","21","1194","https://www.facebook.com/groups/calanque/posts/4216337568620639/","","","","","","","","","","","","","","","","","","",""
"# ***Allez rêvez c'est pour vous !***
# ***Petit cadeau pour le groupe !***
# ***Mes photos d'archives ! les Calanques de Marseille !***
# ***bonne vision !***
# ***Cordialement ! Robert Nastro dit Robert le C@l@nqu@is !***","Robert Nastro","0","21","1079","https://www.facebook.com/groups/calanque/posts/4201178010136595/","","","","","","","","","","","","","","","","","","",""
"","Yannick Viglione","1","16","710","https://www.facebook.com/groups/calanque/posts/4208266499427746/","","","","","","","","","","","","","","","","","","",""
"Habitante discrète des Calanques, quand elle vient faire un tour dans nos jardins, c'est pour nous protéger des moustiques.","Ari Abihssira","1","16","4607","https://www.facebook.com/groups/calanque/posts/4195556314032098/","","","","","","","","","","","","","","","","","","",""
"Attention Ensues, Carry et Sausset ⛔️","Ka Rim","3","6","1499","https://www.facebook.com/groups/calanque/posts/4219674668286929/","","","","","","","","","","","","","","","","","","",""
"","Sabrina-Elsa Andersson","2","10","2135","https://www.facebook.com/groups/calanque/posts/4221975714723491/","","","","","","","","","","","","","","","","","","",""
"","Ka Rim","1","15","77","https://www.facebook.com/groups/calanque/posts/4216645945256468/","","","","","","","","","","","","","","","","","","",""
"Un littoral de la côte bleue à deux facettes… Anses ou calanques… seul le superbe bleu reste commun… belles balades à vous pendant ces beaux jours","Christophe Santé Provence","2","9","675","https://www.facebook.com/groups/calanque/posts/4216649905256072/","","","","","","","","","","","","","","","","","","",""
"","Michele Gaugler","1","14","1695","https://www.facebook.com/groups/calanque/posts/4216166148637781/","","","","","","","","","","","","","","","","","","",""
"","Stf Estoupan","1","10","400","https://www.facebook.com/groups/calanque/posts/4217670655153997/","","","","","","","","","","","","","","","","","","",""
"# ***Le 06 /05/2026  Randonnée pour randonneur débutants dans le parc National des Calanques de Marseille !***
# 
# ***Temps de marche totale effective 2h10***
# ***Dénivelés positif total 110  mètres***
# ***Distance totale 7  kms ***
# 
# ***a++ Robert le C@l@nqu@is ! 😇***","Robert Nastro","1","9","822","https://www.facebook.com/groups/calanque/posts/4200314060222990/","","","","","","","","","","","","","","","","","","",""
"","Beautiful Marseille","1","9","524","https://www.facebook.com/groups/calanque/posts/4212215119032884/","","","","","","","","","","","","","","","","","","",""
"","Michele Gaugler","0","13","1320","https://www.facebook.com/groups/calanque/posts/4198336960420700/","","","","","","","","","","","","","","","","","","",""
"","Beautiful Marseille","0","12","1048","https://www.facebook.com/groups/calanque/posts/4202135753374154/","","","","","","","","","","","","","","","","","","",""
"","Lucien Allègre","0","12","828","https://www.facebook.com/groups/calanque/posts/4211120502475679/","","","","","","","","","","","","","","","","","","",""
"","Michele Gaugler","1","7","804","https://www.facebook.com/groups/calanque/posts/4198210420433354/","","","","","","","","","","","","","","","","","","",""
"Côte bleue: retour du soleil ce dimanche 17 mai et donc des belles balades ! en avez vous profité ? 
Programmez les prochaines 🙂 Printemps, saison idéale, belles sorties à vous","Christophe Santé Provence","0","11","1400","https://www.facebook.com/groups/calanque/posts/4211039195817143/","","","","","","","","","","","","","","","","","","",""
"","Yannick Viglione","1","5","479","https://www.facebook.com/groups/calanque/posts/4222867757967620/","","","","","","","","","","","","","","","","","","",""
"","CAT photographie","0","8","559","https://www.facebook.com/groups/calanque/posts/4203242609930135/","","","","","","","","","","","","","","","","","","",""
"La Calanque  de Sormiou 
D autres fois. 😍","Lydie Tigrou","0","8","2437","https://www.facebook.com/groups/calanque/posts/4203952359859160/","","","","","","","","","","","","","","","","","","",""
"Littoral de la Côte Bleue, ce dimanche…plage et découverte…secteur Carry… Fous de Bassan dans le port, nouveau portrait de Fernandel, ND du Rouet et ancre des Pierres Tombées ( parcours 9 du livre guide de balades curieuses de la côte bleue)","Christophe Santé Provence","0","8","1205","https://www.facebook.com/groups/calanque/posts/4225017757752620/","","","","","","","","","","","","","","","","","","",""
"« Bateau »,
Aquarelle,

36 × 26 cm,

Olena Klymenko.

Disponible.","Olena Klymenko","0","6","794","https://www.facebook.com/groups/calanque/posts/4208186542769075/","","","","","","","","","","","","","","","","","","",""
"« Soirée en mer »
Aquarelle, 30 × 20 cm

Olena Klymenko","Olena Klymenko","0","6","775","https://www.facebook.com/groups/calanque/posts/4206215449632851/","","","","","","","","","","","","","","","","","","",""
"","Patrice Estachy","0","6","279","https://www.facebook.com/groups/calanque/posts/4222613364659726/","","","","","","","","","","","","","","","","","","",""
"","Michele Gaugler","0","6","5297","https://www.facebook.com/groups/calanque/posts/4204168486504214/","","","","","","","","","","","","","","","","","","",""
"","","","","","","","","","","","","","","","","","","","","","","","",""
"","","","","","","","","","","","","","","","","","","","","","","","",""
"Tranche d’âge","Femmes","% de femmes","Hommes","% d’hommes","Genre personnalisé","% de genre personnalisé","","","","","","","","","","","","","","","","","",""
"13-17","61","0.1%","90","0.1%","0","0%","","","","","","","","","","","","","","","","","",""
"18-24","1272","2%","1327","2.1%","0","0%","","","","","","","","","","","","","","","","","",""
"25-34","7396","11.6%","5734","9%","0","0%","","","","","","","","","","","","","","","","","",""
"35-44","8947","14%","6350","9.9%","0","0%","","","","","","","","","","","","","","","","","",""
"45-54","9174","14.4%","5233","8.2%","0","0%","","","","","","","","","","","","","","","","","",""
"55-64","6780","10.6%","3762","5.9%","0","0%","","","","","","","","","","","","","","","","","",""
"65+","4826","7.6%","2871","4.5%","0","0%","","","","","","","","","","","","","","","","","",""
"","","","","","","","","","","","","","","","","","","","","","","","",""
"","","","","","","","","","","","","","","","","","","","","","","","",""
"Principales villes","Valeur","","","","","","","","","","","","","","","","","","","","","","",""
"Marseille","12 496","","","","","","","","","","","","","","","","","","","","","","",""
"Cotonou, Bénin","2 323","","","","","","","","","","","","","","","","","","","","","","",""
"Aix-en-Provence","1 024","","","","","","","","","","","","","","","","","","","","","","",""
"Paris","858","","","","","","","","","","","","","","","","","","","","","","",""
"Alger, Algérie","640","","","","","","","","","","","","","","","","","","","","","","",""
"La Ciotat","593","","","","","","","","","","","","","","","","","","","","","","",""
"Abidjan, Côte d'Ivoire","588","","","","","","","","","","","","","","","","","","","","","","",""
"Toulon","470","","","","","","","","","","","","","","","","","","","","","","",""
"Aubagne","440","","","","","","","","","","","","","","","","","","","","","","",""
"Salon-de-Provence","320","","","","","","","","","","","","","","","","","","","","","","",""
"Lyon","312","","","","","","","","","","","","","","","","","","","","","","",""
"Avignon","311","","","","","","","","","","","","","","","","","","","","","","",""
"Martigues","311","","","","","","","","","","","","","","","","","","","","","","",""
"Istres","266","","","","","","","","","","","","","","","","","","","","","","",""
"Nîmes","264","","","","","","","","","","","","","","","","","","","","","","",""
"Nice","263","","","","","","","","","","","","","","","","","","","","","","",""
"Marignane","253","","","","","","","","","","","","","","","","","","","","","","",""
"Oran, Algérie","238","","","","","","","","","","","","","","","","","","","","","","",""
"Toulouse","232","","","","","","","","","","","","","","","","","","","","","","",""
"Cassis","230","","","","","","","","","","","","","","","","","","","","","","",""
"Montpellier","227","","","","","","","","","","","","","","","","","","","","","","",""
"Vitrolles","217","","","","","","","","","","","","","","","","","","","","","","",""
"Yaoundé, Cameroun","195","","","","","","","","","","","","","","","","","","","","","","",""
"La Seyne-sur-Mer","194","","","","","","","","","","","","","","","","","","","","","","",""
"Porto-Novo, Bénin","175","","","","","","","","","","","","","","","","","","","","","","",""
"Arles","170","","","","","","","","","","","","","","","","","","","","","","",""
"Hyères","168","","","","","","","","","","","","","","","","","","","","","","",""
"Gardanne","161","","","","","","","","","","","","","","","","","","","","","","",""
"Abomey-Calavi, Bénin","156","","","","","","","","","","","","","","","","","","","","","","",""
"Annaba, Algérie","148","","","","","","","","","","","","","","","","","","","","","","",""
"Allauch","139","","","","","","","","","","","","","","","","","","","","","","",""
"Réunion, Réunion","137","","","","","","","","","","","","","","","","","","","","","","",""
"Six-Fours-les-Plage","136","","","","","","","","","","","","","","","","","","","","","","",""
"Antananarivo, Madagascar","131","","","","","","","","","","","","","","","","","","","","","","",""
"Saint-Cyr-sur-Mer","125","","","","","","","","","","","","","","","","","","","","","","",""
"Kinshasa, République démocratique du Congo","122","","","","","","","","","","","","","","","","","","","","","","",""
"Saint-Étienne","118","","","","","","","","","","","","","","","","","","","","","","",""
"Sanary-sur-Mer","117","","","","","","","","","","","","","","","","","","","","","","",""
"Miramas","116","","","","","","","","","","","","","","","","","","","","","","",""
"Les-Pennes-Mirabeau","116","","","","","","","","","","","","","","","","","","","","","","",""
"Châteauneuf-lès-Martigues","114","","","","","","","","","","","","","","","","","","","","","","",""
"Montréal, Québec, Canada","108","","","","","","","","","","","","","","","","","","","","","","",""
"Cocotomey, Benin","106","","","","","","","","","","","","","","","","","","","","","","",""
"Manosque","105","","","","","","","","","","","","","","","","","","","","","","",""
"Carnoux-en-Provence","105","","","","","","","","","","","","","","","","","","","","","","",""
"Saint-Maximin-la-Sainte-Baume","102","","","","","","","","","","","","","","","","","","","","","","",""
"Pertuis","100","","","","","","","","","","","","","","","","","","","","","","",""
"Auriol","98","","","","","","","","","","","","","","","","","","","","","","",""
"Ouagadougou, Burkina Faso","97","","","","","","","","","","","","","","","","","","","","","","",""
"Tunis, Tunisie","96","","","","","","","","","","","","","","","","","","","","","","",""
"Constantine, Algérie","95","","","","","","","","","","","","","","","","","","","","","","",""
"Fréjus","94","","","","","","","","","","","","","","","","","","","","","","",""
"Rognac","93","","","","","","","","","","","","","","","","","","","","","","",""
"Casablanca, Maroc","93","","","","","","","","","","","","","","","","","","","","","","",""
"Strasbourg","91","","","","","","","","","","","","","","","","","","","","","","",""
"Charleroi, Belgique","90","","","","","","","","","","","","","","","","","","","","","","",""
"Bouc-Bel-Air","90","","","","","","","","","","","","","","","","","","","","","","",""
"Gap","90","","","","","","","","","","","","","","","","","","","","","","",""
"Cannes","88","","","","","","","","","","","","","","","","","","","","","","",""
"Lille","87","","","","","","","","","","","","","","","","","","","","","","",""
"Cavaillon","87","","","","","","","","","","","","","","","","","","","","","","",""
"Antibes","86","","","","","","","","","","","","","","","","","","","","","","",""
"Sausset-les-Pins","86","","","","","","","","","","","","","","","","","","","","","","",""
"Abomey, Bénin","85","","","","","","","","","","","","","","","","","","","","","","",""
"Montélimar","83","","","","","","","","","","","","","","","","","","","","","","",""
"Carpentras","83","","","","","","","","","","","","","","","","","","","","","","",""
"Lomé, Togo","83","","","","","","","","","","","","","","","","","","","","","","",""
"Bandol","83","","","","","","","","","","","","","","","","","","","","","","",""
"Douala, Cameroun","82","","","","","","","","","","","","","","","","","","","","","","",""
"Béjaïa, Algérie","82","","","","","","","","","","","","","","","","","","","","","","",""
"Orange","81","","","","","","","","","","","","","","","","","","","","","","",""
"L'Isle-sur-la-Sorgue","79","","","","","","","","","","","","","","","","","","","","","","",""
"Grenoble","78","","","","","","","","","","","","","","","","","","","","","","",""
"Brignoles","77","","","","","","","","","","","","","","","","","","","","","","",""
"Saint-Raphaël","77","","","","","","","","","","","","","","","","","","","","","","",""
"Roquevaire","77","","","","","","","","","","","","","","","","","","","","","","",""
"Carry-le-Rouet","76","","","","","","","","","","","","","","","","","","","","","","",""
"Liège, Belgique","75","","","","","","","","","","","","","","","","","","","","","","",""
"Alès","73","","","","","","","","","","","","","","","","","","","","","","",""
"Valence","73","","","","","","","","","","","","","","","","","","","","","","",""
"Draguignan","72","","","","","","","","","","","","","","","","","","","","","","",""
"Châteaurenard","72","","","","","","","","","","","","","","","","","","","","","","",""
"Plan-de-Cuques","72","","","","","","","","","","","","","","","","","","","","","","",""
"Fos-sur-Mer","72","","","","","","","","","","","","","","","","","","","","","","",""
"Trets","69","","","","","","","","","","","","","","","","","","","","","","",""
"Ensuès-la-Redonne","68","","","","","","","","","","","","","","","","","","","","","","",""
"Cabriès","67","","","","","","","","","","","","","","","","","","","","","","",""
"Cagnes-sur-Mer","67","","","","","","","","","","","","","","","","","","","","","","",""
"Nantes","67","","","","","","","","","","","","","","","","","","","","","","",""
"Septèmes-les-Vallons","66","","","","","","","","","","","","","","","","","","","","","","",""
"Cergy-Pontoise","66","","","","","","","","","","","","","","","","","","","","","","",""
"Bamako, Mali","66","","","","","","","","","","","","","","","","","","","","","","",""
"Reims","66","","","","","","","","","","","","","","","","","","","","","","",""
"Bordeaux","65","","","","","","","","","","","","","","","","","","","","","","",""
"Amiens","64","","","","","","","","","","","","","","","","","","","","","","",""
"Lambesc","63","","","","","","","","","","","","","","","","","","","","","","",""
"Berre-l'Étang","63","","","","","","","","","","","","","","","","","","","","","","",""
"Villeurbanne","63","","","","","","","","","","","","","","","","","","","","","","",""
"Roquefort-la-Bédoule","62","","","","","","","","","","","","","","","","","","","","","","",""
"Gignac-la-Nerthe","3","","","","","","","","","","","","","","","","","","","","","","",""
"","","","","","","","","","","","","","","","","","","","","","","","",""
"","","","","","","","","","","","","","","","","","","","","","","","",""
"Principaux pays","Valeur","","","","","","","","","","","","","","","","","","","","","","",""
"France","48 413","","","","","","","","","","","","","","","","","","","","","","",""
"Bénin","4 449","","","","","","","","","","","","","","","","","","","","","","",""
"Algérie","2 663","","","","","","","","","","","","","","","","","","","","","","",""
"Belgique","2 110","","","","","","","","","","","","","","","","","","","","","","",""
"Côte d’Ivoire","983","","","","","","","","","","","","","","","","","","","","","","",""
"Italie","494","","","","","","","","","","","","","","","","","","","","","","",""
"Tunisie","483","","","","","","","","","","","","","","","","","","","","","","",""
"Canada","463","","","","","","","","","","","","","","","","","","","","","","",""
"Maroc","424","","","","","","","","","","","","","","","","","","","","","","",""
"Cameroun","364","","","","","","","","","","","","","","","","","","","","","","",""
"Suisse","330","","","","","","","","","","","","","","","","","","","","","","",""
"Allemagne","304","","","","","","","","","","","","","","","","","","","","","","",""
"République démocratique du Congo","277","","","","","","","","","","","","","","","","","","","","","","",""
"États-Unis","208","","","","","","","","","","","","","","","","","","","","","","",""
"Madagascar","199","","","","","","","","","","","","","","","","","","","","","","",""
"Espagne","182","","","","","","","","","","","","","","","","","","","","","","",""
"La Réunion","174","","","","","","","","","","","","","","","","","","","","","","",""
"Burkina Faso","160","","","","","","","","","","","","","","","","","","","","","","",""
"Royaume-Uni","142","","","","","","","","","","","","","","","","","","","","","","",""
"Sénégal","127","","","","","","","","","","","","","","","","","","","","","","",""
"Togo","103","","","","","","","","","","","","","","","","","","","","","","",""
"Roumanie","102","","","","","","","","","","","","","","","","","","","","","","",""
"Nigéria","88","","","","","","","","","","","","","","","","","","","","","","",""
"Portugal","81","","","","","","","","","","","","","","","","","","","","","","",""
"Mali","76","","","","","","","","","","","","","","","","","","","","","","",""
"Pologne","76","","","","","","","","","","","","","","","","","","","","","","",""
"Nouvelle-Calédonie","75","","","","","","","","","","","","","","","","","","","","","","",""
"Luxembourg","67","","","","","","","","","","","","","","","","","","","","","","",""
"Pays-Bas","62","","","","","","","","","","","","","","","","","","","","","","",""
"Indonésie","59","","","","","","","","","","","","","","","","","","","","","","",""
"Brésil","55","","","","","","","","","","","","","","","","","","","","","","",""
"Australie","50","","","","","","","","","","","","","","","","","","","","","","",""
"Guinée","48","","","","","","","","","","","","","","","","","","","","","","",""
"Polynésie française","47","","","","","","","","","","","","","","","","","","","","","","",""
"Thaïlande","45","","","","","","","","","","","","","","","","","","","","","","",""
"Israël","44","","","","","","","","","","","","","","","","","","","","","","",""
"Niger","44","","","","","","","","","","","","","","","","","","","","","","",""
"Russie","41","","","","","","","","","","","","","","","","","","","","","","",""
"Île Maurice","37","","","","","","","","","","","","","","","","","","","","","","",""
"Haïti","36","","","","","","","","","","","","","","","","","","","","","","",""
"Guadeloupe","36","","","","","","","","","","","","","","","","","","","","","","",""
"Bulgarie","34","","","","","","","","","","","","","","","","","","","","","","",""
"Grèce","32","","","","","","","","","","","","","","","","","","","","","","",""
"Suède","32","","","","","","","","","","","","","","","","","","","","","","",""
"République tchèque","31","","","","","","","","","","","","","","","","","","","","","","",""
"Martinique","29","","","","","","","","","","","","","","","","","","","","","","",""
"Vietnam","28","","","","","","","","","","","","","","","","","","","","","","",""
"Danemark","27","","","","","","","","","","","","","","","","","","","","","","",""
"Émirats arabes unis","26","","","","","","","","","","","","","","","","","","","","","","",""
"Ukraine","25","","","","","","","","","","","","","","","","","","","","","","",""
"Gabon","25","","","","","","","","","","","","","","","","","","","","","","",""
"République du Congo","25","","","","","","","","","","","","","","","","","","","","","","",""
"Égypte","24","","","","","","","","","","","","","","","","","","","","","","",""
"Hongrie","24","","","","","","","","","","","","","","","","","","","","","","",""
"Comores","23","","","","","","","","","","","","","","","","","","","","","","",""
"Mexique","22","","","","","","","","","","","","","","","","","","","","","","",""
"Tchad","21","","","","","","","","","","","","","","","","","","","","","","",""
"Iran","20","","","","","","","","","","","","","","","","","","","","","","",""
"Angola","19","","","","","","","","","","","","","","","","","","","","","","",""
"Autriche","19","","","","","","","","","","","","","","","","","","","","","","",""
"Argentine","19","","","","","","","","","","","","","","","","","","","","","","",""
"Serbie","18","","","","","","","","","","","","","","","","","","","","","","",""
"Inde","18","","","","","","","","","","","","","","","","","","","","","","",""
"Turquie","18","","","","","","","","","","","","","","","","","","","","","","",""
"Ghana","17","","","","","","","","","","","","","","","","","","","","","","",""
"Chine","16","","","","","","","","","","","","","","","","","","","","","","",""
"Norvège","15","","","","","","","","","","","","","","","","","","","","","","",""
"Mayotte","14","","","","","","","","","","","","","","","","","","","","","","",""
"Liban","13","","","","","","","","","","","","","","","","","","","","","","",""
"Irlande","13","","","","","","","","","","","","","","","","","","","","","","",""
"Burundi","13","","","","","","","","","","","","","","","","","","","","","","",""
"Colombie","12","","","","","","","","","","","","","","","","","","","","","","",""
"Pakistan","12","","","","","","","","","","","","","","","","","","","","","","",""
"Guyane française","12","","","","","","","","","","","","","","","","","","","","","","",""
"Japon","12","","","","","","","","","","","","","","","","","","","","","","",""
"Afrique du Sud","11","","","","","","","","","","","","","","","","","","","","","","",""
"Qatar","10","","","","","","","","","","","","","","","","","","","","","","",""
"Mauritanie","10","","","","","","","","","","","","","","","","","","","","","","",""
"Cambodge","10","","","","","","","","","","","","","","","","","","","","","","",""
"Chili","10","","","","","","","","","","","","","","","","","","","","","","",""
"Pérou","9","","","","","","","","","","","","","","","","","","","","","","",""
"Finlande","9","","","","","","","","","","","","","","","","","","","","","","",""
"Philippines","8","","","","","","","","","","","","","","","","","","","","","","",""
"Birmanie","8","","","","","","","","","","","","","","","","","","","","","","",""
"Taïwan","8","","","","","","","","","","","","","","","","","","","","","","",""
"Cuba","7","","","","","","","","","","","","","","","","","","","","","","",""
"Arabie Saoudite","7","","","","","","","","","","","","","","","","","","","","","","",""
"Singapour","7","","","","","","","","","","","","","","","","","","","","","","",""
"Bangladesh","7","","","","","","","","","","","","","","","","","","","","","","",""
"Libye","7","","","","","","","","","","","","","","","","","","","","","","",""
"Chypre","7","","","","","","","","","","","","","","","","","","","","","","",""
"République dominicaine","7","","","","","","","","","","","","","","","","","","","","","","",""
"Moldavie","7","","","","","","","","","","","","","","","","","","","","","","",""
"Géorgie","7","","","","","","","","","","","","","","","","","","","","","","",""
"Nouvelle-Zélande","6","","","","","","","","","","","","","","","","","","","","","","",""
"Slovaquie","6","","","","","","","","","","","","","","","","","","","","","","",""
"Slovénie","6","","","","","","","","","","","","","","","","","","","","","","",""
"Hong Kong","6","","","","","","","","","","","","","","","","","","","","","","",""
"Zambie","5","","","","","","","","","","","","","","","","","","","","","","",""
"","","","","","","","","","","","","","","","","","","","","","","","",""
"","","","","","","","","","","","","","","","","","","","","","","","",""
"Meilleur(e)s contributeur(ice)s","Messages","Commentaires","Mentions J’aime","","","","","","","","","","","","","","","","","","","","",""
"Michele Gaugler","22","0","25","","","","","","","","","","","","","","","","","","","","",""
"Robert Nastro","10","0","12","","","","","","","","","","","","","","","","","","","","",""
"Christophe Santé Provence","9","1","1","","","","","","","","","","","","","","","","","","","","",""
"Yvon Tapias","9","0","5","","","","","","","","","","","","","","","","","","","","",""
"Les Randos de Loulou","5","18","18","","","","","","","","","","","","","","","","","","","","",""
"Philippe Belletoise","7","1","9","","","","","","","","","","","","","","","","","","","","",""
"Hachem Touleimat","6","3","8","","","","","","","","","","","","","","","","","","","","",""
"Yannick Viglione","6","0","27","","","","","","","","","","","","","","","","","","","","",""
"Lebateau Frioul If","5","0","0","","","","","","","","","","","","","","","","","","","","",""
"Jean-Phi Di Marsiglia","2","15","26","","","","","","","","","","","","","","","","","","","","",""
"Lucien Allègre","4","0","1","","","","","","","","","","","","","","","","","","","","",""
"Frequence-sud.fr","4","0","0","","","","","","","","","","","","","","","","","","","","",""
"Dini Novita Sari","4","0","0","","","","","","","","","","","","","","","","","","","","",""
"Kevin Nsk","4","0","0","","","","","","","","","","","","","","","","","","","","",""
"Elsa GP","3","4","47","","","","","","","","","","","","","","","","","","","","",""
"Mary Ruiz","1","11","4","","","","","","","","","","","","","","","","","","","","",""
"Philippe Gastine","3","0","0","","","","","","","","","","","","","","","","","","","","",""
"Philippe Dufau","2","4","6","","","","","","","","","","","","","","","","","","","","",""
"Bruno Nonau","1","9","9","","","","","","","","","","","","","","","","","","","","",""
"Jeff Ruissaut","1","9","2","","","","","","","","","","","","","","","","","","","","",""
"Jenny Garet","2","3","13","","","","","","","","","","","","","","","","","","","","",""
"Alain Lamatte","0","13","19","","","","","","","","","","","","","","","","","","","","",""
"Beautiful Marseille","2","1","5","","","","","","","","","","","","","","","","","","","","",""
"Clarisse Martin","0","11","0","","","","","","","","","","","","","","","","","","","","",""
"Isabelle Dufau","1","6","0","","","","","","","","","","","","","","","","","","","","",""
"Robert Donati","2","0","2","","","","","","","","","","","","","","","","","","","","",""
"Valentine Florès","2","0","0","","","","","","","","","","","","","","","","","","","","",""
"Nazia Putri","2","0","0","","","","","","","","","","","","","","","","","","","","",""
"Olena Klymenko","2","0","0","","","","","","","","","","","","","","","","","","","","",""
"Celine Latessa","1","5","37","","","","","","","","","","","","","","","","","","","","",""
"Stf Estoupan","2","0","4","","","","","","","","","","","","","","","","","","","","",""
"Syella Brunthy","2","0","0","","","","","","","","","","","","","","","","","","","","",""
"Patrice Estachy","2","0","0","","","","","","","","","","","","","","","","","","","","",""
"Bruno Saurez","1","4","15","","","","","","","","","","","","","","","","","","","","",""
"Philippe Faure","0","9","0","","","","","","","","","","","","","","","","","","","","",""
"Catherine Riva","0","8","4","","","","","","","","","","","","","","","","","","","","",""
"Atman Namta","1","3","1","","","","","","","","","","","","","","","","","","","","",""
"Céline Mula","1","3","18","","","","","","","","","","","","","","","","","","","","",""
"Stephane Bosq","0","8","97","","","","","","","","","","","","","","","","","","","","",""
"Vincent Baradel","1","3","9","","","","","","","","","","","","","","","","","","","","",""
"Lydie Tigrou","1","2","19","","","","","","","","","","","","","","","","","","","","",""
"Marine Boudier","1","2","13","","","","","","","","","","","","","","","","","","","","",""
"Dora Hawaux","1","2","7","","","","","","","","","","","","","","","","","","","","",""
"Wael Al","1","2","4","","","","","","","","","","","","","","","","","","","","",""
"Claire Favot","0","7","22","","","","","","","","","","","","","","","","","","","","",""
"Jee Herr","1","1","0","","","","","","","","","","","","","","","","","","","","",""
"Tendances Du Sud","1","1","1","","","","","","","","","","","","","","","","","","","","",""
"Vw Orchids","0","6","5","","","","","","","","","","","","","","","","","","","","",""
"Sylvie Desire","1","1","2","","","","","","","","","","","","","","","","","","","","",""
"Paul Tubiana","0","6","4","","","","","","","","","","","","","","","","","","","","",""
"Alexandrine Guillard","1","1","25","","","","","","","","","","","","","","","","","","","","",""
"Christelle Dumontet","1","0","1","","","","","","","","","","","","","","","","","","","","",""
"Bob Spear","1","0","8","","","","","","","","","","","","","","","","","","","","",""
"Julien Carraccino","1","0","5","","","","","","","","","","","","","","","","","","","","",""
"Eri Despaquis","1","0","5","","","","","","","","","","","","","","","","","","","","",""
"Poupoune Pou","1","0","5","","","","","","","","","","","","","","","","","","","","",""
"Sabrina-Elsa Andersson","1","0","8","","","","","","","","","","","","","","","","","","","","",""
"Francois Katia","1","0","5","","","","","","","","","","","","","","","","","","","","",""
"Marc Armelin","1","0","4","","","","","","","","","","","","","","","","","","","","",""
"Laurent Ayoun Cohen","1","0","2","","","","","","","","","","","","","","","","","","","","",""
"Jean Philippe Charlier","1","0","2","","","","","","","","","","","","","","","","","","","","",""
"CAT photographie","1","0","1","","","","","","","","","","","","","","","","","","","","",""
"Albert Snop","1","0","1","","","","","","","","","","","","","","","","","","","","",""
"Amazing Marseille tours","1","0","1","","","","","","","","","","","","","","","","","","","","",""
"Rose Lafuente","1","0","2","","","","","","","","","","","","","","","","","","","","",""
"Sab Grd","1","0","0","","","","","","","","","","","","","","","","","","","","",""
"Jean-Marie Couturier","0","5","10","","","","","","","","","","","","","","","","","","","","",""
"Caroline Corazzini Cantisani","1","0","0","","","","","","","","","","","","","","","","","","","","",""
"Fabienne Cartillier Montginoux","1","0","0","","","","","","","","","","","","","","","","","","","","",""
"Théâtre des Calanques","1","0","0","","","","","","","","","","","","","","","","","","","","",""
"Fierdusud","1","0","0","","","","","","","","","","","","","","","","","","","","",""
"Gi Sou","0","5","89","","","","","","","","","","","","","","","","","","","","",""
"Valentin Courty","1","0","17","","","","","","","","","","","","","","","","","","","","",""
"Shirley Desu","0","5","4","","","","","","","","","","","","","","","","","","","","",""
"Dali Ouameur","0","5","1","","","","","","","","","","","","","","","","","","","","",""
"G-remy Mars","0","5","0","","","","","","","","","","","","","","","","","","","","",""
"Makkah Madina","0","5","0","","","","","","","","","","","","","","","","","","","","",""
"Lider Karaca","1","0","0","","","","","","","","","","","","","","","","","","","","",""
"Patrice Courson","1","0","0","","","","","","","","","","","","","","","","","","","","",""
"Michele Devergie-Serra","0","4","17","","","","","","","","","","","","","","","","","","","","",""
"Roger Monduel","0","4","3","","","","","","","","","","","","","","","","","","","","",""
"Nicolas Teffri-Chambelland","0","4","10","","","","","","","","","","","","","","","","","","","","",""
"Frédéric Hachon","0","4","4","","","","","","","","","","","","","","","","","","","","",""
"Jean Barby","0","4","0","","","","","","","","","","","","","","","","","","","","",""
"Marianne Redon","0","3","9","","","","","","","","","","","","","","","","","","","","",""
"Corine Bildstein","0","3","8","","","","","","","","","","","","","","","","","","","","",""
"Christine Bonnery","0","3","3","","","","","","","","","","","","","","","","","","","","",""
"Florence Daneau","0","3","3","","","","","","","","","","","","","","","","","","","","",""
"Evelyne Océan","0","3","2","","","","","","","","","","","","","","","","","","","","",""
"Jean-françois Guglielmi","0","3","0","","","","","","","","","","","","","","","","","","","","",""
"Jaja Giacomina","0","3","0","","","","","","","","","","","","","","","","","","","","",""
"Marthe Grégoire","0","3","0","","","","","","","","","","","","","","","","","","","","",""
"","","","","","","","","","","","","","","","","","","","","","","","",""
"","","","","","","","","","","","","","","","","","","","","","","","",""
"Admin","Publications approuvées","Publications refusées","Publications supprimées","Participations approuvées","Participations refusées","","","","","","","","","","","","","","","","","","",""
"Ka Rim","62","61","2","170","24","","","","","","","","","","","","","","","","","","",""
